0,1
/content/sentences/a01/a01-132/a01-132-05.png,claimed was underpinning - not
/content/sentences/a01/a01-077u/a01-077u-06.png,He said he was waiting for his senior
/content/sentences/a02/a02-106/a02-106-07.png,rest of the country . A Government report has
/content/sentences/a04/a04-035/a04-035-09.png,to surround their President on the tarmac for
/content/sentences/a01/a01-063/a01-063-07.png,payment of a 210million debt to America .
/content/sentences/a05/a05-062/a05-062-04.png,"of Lords last night , gave a warning"
/content/sentences/a01/a01-026x/a01-026x-07.png,"of Sir Roy Welensky , Prime Minister of the"
/content/sentences/a01/a01-030x/a01-030x-05.png,"the Federal Government . Mr. James Callaghan ,"
/content/sentences/a06/a06-090/a06-090-05.png,"raised by Tory critics . Mr. Anthony Fell ,"
/content/sentences/a05/a05-048/a05-048-04.png,In most constituencies it may go down as
/content/sentences/a04/a04-003/a04-003-06.png,laid down to meet the Commonwealth
/content/sentences/a03/a03-073/a03-073-06.png,putting a heavy satellite into outer space .
/content/sentences/a03/a03-020/a03-020-09.png,"Haksat Party , also to the officers"
/content/sentences/a01/a01-007u/a01-007u-04.png,Labour has to have an adequate number
/content/sentences/a03/a03-080/a03-080-06.png,to German participation is the absence of
/content/sentences/b04/b04-034/b04-034-05.png,"personal failure . """
/content/sentences/b04/b04-004/b04-004-01.png,has done more than most to stir up
/content/sentences/a01/a01-003/a01-003-09.png,"which would appear to "" prop up "" an out-dated"
/content/sentences/a01/a01-053u/a01-053u-07.png,in his post . Senator Robertson's committee
/content/sentences/a01/a01-102/a01-102-00.png,""" After a lifetime of helping others and"
/content/sentences/a01/a01-026x/a01-026x-08.png,"Central African Federation , went to Chequers"
/content/sentences/b01/b01-004/b01-004-05.png,do the strongest arguments lie ? THE Archbishop
/content/sentences/a04/a04-096/a04-096-03.png,impossible for the British authorities to
/content/sentences/b04/b04-181/b04-181-07.png,it .
/content/sentences/b01/b01-118/b01-118-02.png,"water in the white areas of South Africa , without rights"
/content/sentences/a03/a03-043/a03-043-00.png,"However , a separate poll revealed that Mr."
/content/sentences/a03/a03-034/a03-034-03.png,of the party since it came to office three and
/content/sentences/b04/b04-202/b04-202-07.png,first journey into Space .
/content/sentences/a01/a01-049/a01-049-10.png,complaints about Weaver's loyalty .
/content/sentences/a03/a03-080/a03-080-09.png,under which funds could be appropriated .
/content/sentences/b01/b01-023/b01-023-03.png,solution would be for the Commonwealth to draft
/content/sentences/a01/a01-107u/a01-107u-03.png,"sick people , is good and attainable ."
/content/sentences/b03/b03-114/b03-114-06.png,roped in . The only result was
/content/sentences/a01/a01-020/a01-020-02.png,blown up . He has now revealed his full plans
/content/sentences/a03/a03-050/a03-050-05.png,correct that image . The bow tie has
/content/sentences/b01/b01-027/b01-027-05.png,success . The Queen has won a triumph . It
/content/sentences/a02/a02-004/a02-004-05.png,"France , to back Mr. Edward Heath , Lord"
/content/sentences/b03/b03-025/b03-025-04.png,and it is an achievement - is to make religious con-
/content/sentences/a02/a02-098/a02-098-04.png,African nationalists . Mr. Macleod has ample evidence
/content/sentences/a01/a01-058u/a01-058u-02.png,America's balance of payments position . He
/content/sentences/a04/a04-019/a04-019-02.png,which should lead to progress toward a Laos agreement at the
/content/sentences/a01/a01-053u/a01-053u-00.png,He said these concerned Mr. Weaver's
/content/sentences/a04/a04-006/a04-006-08.png,"Bundy , the President's special assistant for"
/content/sentences/b01/b01-122/b01-122-04.png,"Capetown , Dr. Joost de Blank , has pleaded that"
/content/sentences/a01/a01-128/a01-128-07.png,service to the Exchequer will have increased over
/content/sentences/a04/a04-050/a04-050-03.png,and refuse proposals with which they did not
/content/sentences/a04/a04-099/a04-099-08.png,"while , on the contrary , they impose upon"
/content/sentences/a06/a06-152/a06-152-01.png,determination is the intention to impose
/content/sentences/b01/b01-084/b01-084-02.png,"3,000 men , who must take about a fortnight to arrive ."
/content/sentences/b05/b05-042/b05-042-10.png,to a different industry if he just gives in and
/content/sentences/a06/a06-020/a06-020-00.png,He was announcing his executive's rejection of the ultimatum to the
/content/sentences/a01/a01-122u/a01-122u-00.png,""" Mr. Powell finds it easier to take it out"
/content/sentences/a02/a02-012/a02-012-00.png,The team is composed of experienced
/content/sentences/b01/b01-094/b01-094-01.png,they must go . The best news for the Congo
/content/sentences/b01/b01-004/b01-004-02.png,wait until South Africa actually becomes a
/content/sentences/a06/a06-008/a06-008-02.png,"legislation . "" Why don't you make proposals to legislate"
/content/sentences/a05/a05-073/a05-073-01.png,Berlin . He deplored the possibility of
/content/sentences/a04/a04-010/a04-010-08.png,talks with Mr. Krushchov this evening .
/content/sentences/a04/a04-092/a04-092-03.png,first of these reasons is the importance of pre-
/content/sentences/a03/a03-011/a03-011-07.png,of the talks in Belgrade - and on both the two
/content/sentences/a03/a03-023/a03-023-09.png,communists' former base 60 miles
/content/sentences/b05/b05-042/b05-042-00.png,What happens is that the unskilled worker
/content/sentences/b03/b03-109/b03-109-00.png,Can it be shown that the one scale is demon-
/content/sentences/a01/a01-043/a01-043-03.png,his Housing Minister . It has aroused
/content/sentences/a04/a04-031/a04-031-08.png,"to people of goodwill who hate the cold war ,"
/content/sentences/b01/b01-057/b01-057-07.png,"waiting for the millenium , however , most of us"
/content/sentences/a01/a01-113u/a01-113u-10.png,strain of the Korean war .
/content/sentences/a01/a01-132/a01-132-01.png,development being limited or an
/content/sentences/b01/b01-062/b01-062-02.png,be wrong to refuse all political advertisements with
/content/sentences/a03/a03-059/a03-059-08.png,Canada to the problems of the Atlantic
/content/sentences/a04/a04-059/a04-059-02.png,city with two million people . It should be sited
/content/sentences/a06/a06-128/a06-128-08.png,the West on Berlin . And he repeats
/content/sentences/a03/a03-059/a03-059-09.png,"provinces . However , be this election"
/content/sentences/a01/a01-026/a01-026-05.png,the United Federal Party and the Dominion Party .
/content/sentences/a04/a04-050/a04-050-05.png,"he said , they were out of date and vulnerable and"
/content/sentences/a01/a01-007x/a01-007x-02.png,would still favour the abolition of the House
/content/sentences/a04/a04-066/a04-066-05.png,disarmament to shift the emphasis of
/content/sentences/a04/a04-069/a04-069-06.png,"talks with the Soviet Union , for the establishment"
/content/sentences/a01/a01-082u/a01-082u-00.png,This surprising statement was a sharp about-
/content/sentences/a01/a01-030x/a01-030x-07.png,no right to delay progress in the talks by
/content/sentences/a01/a01-038x/a01-038x-08.png,interference by Sir Roy's Federal Government in the talks .
/content/sentences/a01/a01-020/a01-020-07.png,will meet to discuss the function of a
/content/sentences/a01/a01-132x/a01-132x-04.png,underpinning - not undermining - the service .
/content/sentences/a05/a05-080/a05-080-04.png,necessary to bring the British Army of the Rhine
/content/sentences/a06/a06-152/a06-152-02.png,on East Germany the regime existing in
/content/sentences/a04/a04-096/a04-096-00.png,The second reason is concerned with doubts
/content/sentences/b01/b01-009/b01-009-04.png,"South Africa , weakening the whites who are"
/content/sentences/a05/a05-080/a05-080-07.png,sirable atmosphere of panic . He thought
/content/sentences/b04/b04-116/b04-116-07.png,difficulties from African politicians greedy for power .
/content/sentences/a06/a06-064/a06-064-05.png,"support . "" There were no other attacks"
/content/sentences/a01/a01-003/a01-003-00.png,"Though they may gather some Left-wing support , a"
/content/sentences/a06/a06-036/a06-036-05.png,"20 years they will have free food , housing , light ,"
/content/sentences/a02/a02-042/a02-042-07.png,Accra ?
/content/sentences/a01/a01-102/a01-102-09.png,from the real problems to fiddling about
/content/sentences/a05/a05-029/a05-029-02.png,"September , was delayed because of the"
/content/sentences/b01/b01-094/b01-094-09.png,can recognise .
/content/sentences/a06/a06-134/a06-134-02.png,tell : The U.S. - It is false to say the absence of a peace
/content/sentences/a05/a05-009/a05-009-06.png,"of Staff , a process that may take four"
/content/sentences/b04/b04-020/b04-020-03.png,splendid variety of goods to choose from .
/content/sentences/a02/a02-024/a02-024-06.png,demonstrated outside the British-owned Kingsway
/content/sentences/a03/a03-023/a03-023-05.png,"tactically useful Plain of Jars , however ,"
/content/sentences/a05/a05-094/a05-094-06.png,metaphorical braces were visible in the
/content/sentences/a01/a01-122u/a01-122u-05.png,"the pharmaceutical industry . "" The health"
/content/sentences/a01/a01-122/a01-122-01.png,children and sick people than to take on this vast
/content/sentences/b04/b04-181/b04-181-00.png,There is no doubt what the Danes understand
/content/sentences/a03/a03-073/a03-073-03.png,only rocket and launcher in Europe to
/content/sentences/b01/b01-038/b01-038-06.png,"their balances , will gain some immediate help ."
/content/sentences/a05/a05-089/a05-089-07.png,"obscure on Berlin , damaging and obscure"
/content/sentences/b05/b05-042/b05-042-04.png,"skilled , obedient craftsman in no time at all ."
/content/sentences/a05/a05-039/a05-039-03.png,appearance of the Progressive party from
/content/sentences/a06/a06-119/a06-119-08.png,Now look at the other side of all
/content/sentences/b04/b04-128/b04-128-05.png,up on 1960 . Britain's business men are right to back
/content/sentences/a04/a04-085/a04-085-02.png,"show "" compared with some countries , he"
/content/sentences/a01/a01-043/a01-043-05.png,senators of the Deep South . The negro
/content/sentences/a01/a01-117/a01-117-04.png,Then Mr. Brown swung his attack directly to the
/content/sentences/a02/a02-111/a02-111-02.png,Then their views will be transmitted back .
/content/sentences/a01/a01-132/a01-132-11.png,grants .
/content/sentences/a03/a03-027/a03-027-05.png,"160 speeches in 80 constituencies in 10 days , the Liberal"
/content/sentences/a01/a01-107/a01-107-00.png,"We believe that a comprehensive medical service , free to the patient"
/content/sentences/a06/a06-141/a06-141-00.png,BRITAIN - One cannot but wonder at British bases being
/content/sentences/a03/a03-071/a03-071-03.png,"it has so far , that such a project would"
/content/sentences/a04/a04-047/a04-047-00.png,Addressing the annual congress of the National Union
/content/sentences/a06/a06-036/a06-036-04.png,Leningrad were thousands now told that in
/content/sentences/a01/a01-058x/a01-058x-02.png,help America's balance of payments position
/content/sentences/a03/a03-023/a03-023-07.png,The Government has claimed the
/content/sentences/a05/a05-104/a05-104-04.png,they themselves had no condemnation for
/content/sentences/a01/a01-113u/a01-113u-02.png,different from that of Labour . They would
/content/sentences/a01/a01-038/a01-038-01.png,parties had refused to attend the talks
/content/sentences/a05/a05-022/a05-022-03.png,serve at least a year overseas . There is
/content/sentences/a03/a03-027/a03-027-08.png,when Mr. Lester Pearson was chosen as party
/content/sentences/a02/a02-037/a02-037-00.png,The urge came from a conference of activists of
/content/sentences/a06/a06-004/a06-004-00.png,"Sir Edward Boyle , Financial Secretary"
/content/sentences/a05/a05-025/a05-025-01.png,to have come mainly from retired officers
/content/sentences/a05/a05-058/a05-058-07.png,tests . The Council's findings would be
/content/sentences/a03/a03-059/a03-059-02.png,"new and dynamic liberalism "" and this"
/content/sentences/a05/a05-116/a05-116-09.png,"Labour Solicitor-General , and Mrs. Barbara"
/content/sentences/a04/a04-006/a04-006-05.png,informed Mr. Macmillan of his discussions with Mr.
/content/sentences/a03/a03-006/a03-006-01.png,nesia arrived in Belgrade as the guest of the Yugoslav
/content/sentences/a05/a05-000/a05-000-03.png,Services . Its aim will be to produce superbly
/content/sentences/b04/b04-162/b04-162-07.png,Welensky has lost all patience with his
/content/sentences/b04/b04-147/b04-147-06.png,for the people the board will earn their good will .
/content/sentences/b01/b01-000/b01-000-02.png,Government's policy of apartheid as we wait
/content/sentences/a01/a01-087u/a01-087u-00.png,"Mr. Brown , passionate and warm-hearted ,"
/content/sentences/a01/a01-011x/a01-011x-04.png,to discuss a common course of action .
/content/sentences/a01/a01-026u/a01-026u-06.png,the United Federal Party and the Dominion
/content/sentences/a05/a05-017/a05-017-00.png,The Minister regards the recent trend
/content/sentences/a01/a01-053x/a01-053x-09.png,full Senate .
/content/sentences/a01/a01-003/a01-003-02.png,turn down the Foot-Griffiths resolution . Mr.
/content/sentences/b03/b03-092/b03-092-06.png,logical Office .
/content/sentences/a01/a01-063u/a01-063u-02.png,The President will probably discuss the
/content/sentences/a05/a05-000/a05-000-02.png,contain a five-year plan for the three
/content/sentences/a02/a02-111/a02-111-07.png,has been cancelled and secret plans prepared
/content/sentences/a01/a01-053u/a01-053u-02.png,listed by the Government . Immediately Mr.
/content/sentences/a02/a02-106/a02-106-00.png,King Freddie and three other hereditary rulers of
/content/sentences/a02/a02-120/a02-120-01.png,"invoke the Public Order Act , 1936 , and"
/content/sentences/b05/b05-050/b05-050-02.png,bats and wickets between two sides . Shades
/content/sentences/b04/b04-116/b04-116-00.png,And as the British Government stepped up the pace
/content/sentences/a01/a01-030x/a01-030x-04.png,said Britain had an obligation to consult
/content/sentences/a06/a06-134/a06-134-07.png,forces and arms to touch off a world war .
/content/sentences/a06/a06-119/a06-119-04.png,"to a record 2,415,000,000 . This was"
/content/sentences/a01/a01-049x/a01-049x-08.png,Senator Robertson later disclosed he had sent a
/content/sentences/a05/a05-121/a05-121-03.png,"atmosphere as a crime against humanity . """
/content/sentences/a04/a04-031/a04-031-06.png,Soviet Communist Party newspaper Pravda
/content/sentences/a01/a01-113/a01-113-00.png,He told them that their conception of social services was wholly
/content/sentences/b02/b02-097/b02-097-01.png,important advance . We must not be overconfident
/content/sentences/a01/a01-058u/a01-058u-03.png,said bluntly in Washington yesterday that
/content/sentences/b04/b04-103/b04-103-06.png,box of chocolates or a bunch of flowers !
/content/sentences/b04/b04-096/b04-096-01.png,national income was spent on social services . The
/content/sentences/a05/a05-017/a05-017-06.png,not agree that the point has been reached
/content/sentences/a03/a03-050/a03-050-00.png,"On the other hand , Mr. Pearson excels"
/content/sentences/b04/b04-169/b04-169-04.png,Office Savings Bank shows how wrong that
/content/sentences/a05/a05-039/a05-039-05.png,general election showed Nationalists being
/content/sentences/a04/a04-072/a04-072-06.png,opportunity for the party . It was a
/content/sentences/b05/b05-038/b05-038-00.png,Hence the hostility to automation and
/content/sentences/b01/b01-127/b01-127-08.png,apartheid is being applied ever more
/content/sentences/a06/a06-064/a06-064-08.png,"opposition , which will be aired in the"
/content/sentences/a02/a02-111/a02-111-08.png,to deal with the mass sit-down rally planned
/content/sentences/b01/b01-053/b01-053-05.png,other leading Western nations are at long last
/content/sentences/a02/a02-024/a02-024-04.png,ter Mr Lloyd and his 24-strong delegation landed
/content/sentences/a05/a05-116/a05-116-04.png,"brief . He resembles the elephant seal , an"
/content/sentences/a05/a05-004/a05-004-05.png,and operations . This would apply also in the
/content/sentences/a01/a01-007/a01-007-08.png,"Roy Welensky , the Federal Premier ."
/content/sentences/b01/b01-132/b01-132-02.png,way left to try to bring home to the people of
/content/sentences/a04/a04-000/a04-000-04.png,"three hours , 20 minutes of discussion is believed"
/content/sentences/b04/b04-107/b04-107-00.png,HOW the Government must repent its haste and folly
/content/sentences/a06/a06-152/a06-152-00.png,Behind Bonn's slogan of German self-
/content/sentences/b04/b04-047/b04-047-03.png,Scot - and so were four of his predecessors this # century .
/content/sentences/a02/a02-050/a02-050-07.png,* enough
/content/sentences/a02/a02-032/a02-032-04.png,"of the people is the supreme law "" ) reports : "" The"
/content/sentences/a04/a04-047/a04-047-04.png,widespread resentment over the U.S. Polaris base in
/content/sentences/a01/a01-063/a01-063-06.png,"slice of Germany's "" aid "" # is the early"
/content/sentences/a01/a01-128u/a01-128u-10.png,over three years by 20 per cent.
/content/sentences/a03/a03-027/a03-027-07.png,"some 2,000 delegates , the biggest gathering since 1958"
/content/sentences/a05/a05-113/a05-113-05.png,He was not so happy in his defence of
/content/sentences/a04/a04-043/a04-043-04.png,troops . His main theme was that nuclear
/content/sentences/a05/a05-053/a05-053-02.png,there would be no hesitation in mobilising
/content/sentences/b04/b04-010/b04-010-03.png,Britain should champion Belgium . Not
/content/sentences/b04/b04-000/b04-000-06.png,attacked in a score of countries .
/content/sentences/b04/b04-202/b04-202-01.png,interested only in dead subjects . Now Cambridge has
/content/sentences/b04/b04-054/b04-054-03.png,to subsidise and defend the Cypriots . They will enjoy
/content/sentences/b04/b04-089/b04-089-03.png,labour market . The unions are fortunate indeed to
/content/sentences/a01/a01-014/a01-014-07.png,"chief aide , Mr. Julius Greenfield , telephoned"
/content/sentences/a04/a04-059/a04-059-06.png,of party members and still less the party's
/content/sentences/a04/a04-043/a04-043-00.png,MR. GAITSKELL today delivered a full-blooded
/content/sentences/b02/b02-045/b02-045-07.png,"to Mr Kaunda's reasonable representations , but to"
/content/sentences/a01/a01-072u/a01-072u-08.png,the new American administration .
/content/sentences/b05/b05-017/b05-017-05.png,to Paris .
/content/sentences/a01/a01-053x/a01-053x-00.png,He said these concerned Mr. Weaver's alleged
/content/sentences/b01/b01-014/b01-014-00.png,He holds that more pressure can be put on South
/content/sentences/b01/b01-009/b01-009-00.png,The Archbishop has long been a courageous
/content/sentences/a02/a02-017/a02-017-06.png,"Market Commission , or wherever the Six decide"
/content/sentences/b04/b04-060/b04-060-01.png,"will welcome them . How splendid it would be if , just"
/content/sentences/b01/b01-094/b01-094-04.png,of UN conciliators they are meeting for
/content/sentences/a01/a01-058x/a01-058x-05.png,enough . And he indicated that his
/content/sentences/b04/b04-081/b04-081-06.png,go on strike .
/content/sentences/b04/b04-075/b04-075-02.png,"pleasant time . The weather forecast is good ; except for them ,"
/content/sentences/a03/a03-047/a03-047-04.png,impression remains that the Liberal leader
/content/sentences/b04/b04-000/b04-000-03.png,scrap of evidence - of being implicated in
/content/sentences/a05/a05-084/a05-084-05.png,"at any time rose to fever pitch , to a"
/content/sentences/a01/a01-049/a01-049-06.png,of Virginia - met today in closed session
/content/sentences/a05/a05-029/a05-029-08.png,"Francis stayed on , and # sacrificed"
/content/sentences/a04/a04-089/a04-089-08.png,"that "" very much larger protests are to"
/content/sentences/a04/a04-027/a04-027-05.png,but no big changes should be expected in the political situation .
/content/sentences/a01/a01-030u/a01-030u-08.png,"spokesman , said Sir Roy had no right to"
/content/sentences/a01/a01-132x/a01-132x-00.png,""" That cannot continue without either development"
/content/sentences/a01/a01-014u/a01-014u-05.png,"Yesterday Sir Roy's chief aide , Mr."
/content/sentences/a01/a01-053/a01-053-05.png,vestigation had reported on Mr. Weaver .
/content/sentences/a05/a05-099/a05-099-08.png,and control would be much easier to
/content/sentences/a04/a04-006/a04-006-10.png,men talked alone .
/content/sentences/a02/a02-062/a02-062-06.png,"Lord Boyd-Orr , the Rev. Michael Scott , and"
/content/sentences/b05/b05-062/b05-062-01.png,"tested and weighed and not found wanting . "" He feels like"
/content/sentences/a05/a05-004/a05-004-09.png,with the Prime Minister's approval .
/content/sentences/a05/a05-121/a05-121-07.png,"Disarmament , addressed to Mr."
/content/sentences/a04/a04-081/a04-081-04.png,modification of their structures to
/content/sentences/a03/a03-073/a03-073-07.png,There has also been some talk of adopting another
/content/sentences/a04/a04-000/a04-000-05.png,to have been devoted to this main point
/content/sentences/b01/b01-038/b01-038-09.png,"for Germans to buy , while the goods which"
/content/sentences/b02/b02-097/b02-097-00.png,"To be able to say "" New York next week "" is an"
/content/sentences/b04/b04-187/b04-187-05.png,of public taste has launched many great
/content/sentences/a01/a01-063u/a01-063u-05.png,"next week . A big slice of Germany's "" aid """
/content/sentences/a03/a03-063/a03-063-07.png,this is not primarily an effort on Britain's part to
/content/sentences/a02/a02-072/a02-072-04.png,"the Press conference , Mr. Clark said two committee"
/content/sentences/a06/a06-064/a06-064-00.png,"Most MPs agreed that Mr. Fell's attack had , if"
/content/sentences/a01/a01-043/a01-043-08.png,racial discrimination in Government
/content/sentences/a06/a06-128/a06-128-05.png,"about 150,000,000 has been frozen ."
/content/sentences/a01/a01-011/a01-011-02.png,"National Congress ( 400,000 ) will meet in London today"
/content/sentences/a01/a01-132u/a01-132u-08.png,still be free in families receiving regular
/content/sentences/a05/a05-000/a05-000-01.png,"be published in March , is likely to"
/content/sentences/a01/a01-020u/a01-020u-04.png,attending . These plans do not give the
/content/sentences/b04/b04-103/b04-103-01.png,they would never behave like that . But do they ever
